flor4_212.jpg,4,0
flor1_27.jpg,1,0
flor5_49.jpg,5,0
flor4_359.jpg,4,0
flor4_205.jpg,4,0
flor5_355.jpg,5,0
flor4_328.jpg,4,0
flor4_344.jpg,4,0
flor2_128.jpg,2,0
flor1_25.jpg,1,0
flor3_77.jpg,3,0
flor1_47.jpg,1,0
flor1_106.jpg,1,0
flor5_117.jpg,5,0
flor1_55.jpg,1,0
flor4_501.jpg,4,0
flor2_85.jpg,2,0
flor1_120.jpg,1,0
flor4_362.jpg,4,0
flor4_256.jpg,4,0
flor1_72.jpg,1,0
flor5_369.jpg,5,0
flor4_241.jpg,4,0
flor1_45.jpg,1,0
flor5_97.jpg,5,0
flor4_174.jpg,4,0
flor4_361.jpg,4,0
flor4_356.jpg,4,0
flor4_397.jpg,4,0
flor4_184.jpg,4,0
flor4_116.jpg,4,0
flor5_106.jpg,5,0
flor5_284.jpg,5,0
flor4_289.jpg,4,0
flor1_60.jpg,1,0
flor1_92.jpg,1,0
flor4_523.jpg,4,0
flor2_66.jpg,2,0
flor3_21.jpg,3,0
flor4_10.jpg,4,0
flor4_170.jpg,4,0
flor4_346.jpg,4,0
flor5_305.jpg,5,0
flor2_54.jpg,2,0
flor1_110.jpg,1,0
flor5_328.jpg,5,0
flor5_54.jpg,5,0
flor2_76.jpg,2,0
flor4_324.jpg,4,0
flor5_324.jpg,5,0
flor4_196.jpg,4,0
flor4_465.jpg,4,0
flor4_444.jpg,4,0
flor4_483.jpg,4,0
flor4_271.jpg,4,0
flor2_55.jpg,2,0
flor2_9.jpg,2,0
flor4_447.jpg,4,0
flor1_80.jpg,1,0
flor5_204.jpg,5,0
flor5_107.jpg,5,0
flor4_192.jpg,4,0
flor5_22.jpg,5,0
flor4_131.jpg,4,0
flor2_37.jpg,2,0
flor2_120.jpg,2,0
flor3_48.jpg,3,0
flor5_70.jpg,5,0
flor4_265.jpg,4,0
flor3_75.jpg,3,0
flor1_97.jpg,1,0
flor4_519.jpg,4,0
flor4_423.jpg,4,0
flor5_123.jpg,5,0
flor5_210.jpg,5,0
flor5_115.jpg,5,0
flor5_313.jpg,5,0
flor4_369.jpg,4,0
flor5_330.jpg,5,0
flor3_43.jpg,3,0
flor5_215.jpg,5,0
flor4_39.jpg,4,0
flor2_107.jpg,2,0
flor5_232.jpg,5,0
flor5_403.jpg,5,0
flor3_46.jpg,3,0
flor5_303.jpg,5,0
flor5_452.jpg,5,0
flor2_121.jpg,2,0
flor5_220.jpg,5,0
flor5_46.jpg,5,0
flor1_71.jpg,1,0
flor1_94.jpg,1,0
flor4_342.jpg,4,0
flor1_33.jpg,1,0
flor5_77.jpg,5,0
flor4_99.jpg,4,0
flor4_96.jpg,4,0
flor5_141.jpg,5,0
flor4_506.jpg,4,0
flor4_508.jpg,4,0
flor1_77.jpg,1,0
flor1_84.jpg,1,0
flor4_333.jpg,4,0
flor1_82.jpg,1,0
flor4_108.jpg,4,0
flor4_459.jpg,4,0
flor5_40.jpg,5,0
flor4_87.jpg,4,0
flor4_295.jpg,4,0
flor4_392.jpg,4,0
flor5_186.jpg,5,0
flor4_55.jpg,4,0
flor5_285.jpg,5,0
flor4_415.jpg,4,0
flor4_464.jpg,4,0
flor1_104.jpg,1,0
flor4_260.jpg,4,0
flor4_331.jpg,4,0
flor4_413.jpg,4,0
flor1_62.jpg,1,0
flor3_22.jpg,3,0
flor5_102.jpg,5,0
flor2_110.jpg,2,0
flor2_95.jpg,2,0
flor2_17.jpg,2,0
flor5_367.jpg,5,0
flor4_24.jpg,4,0
flor1_118.jpg,1,0
flor5_246.jpg,5,0
flor2_122.jpg,2,0
flor5_406.jpg,5,0
flor1_9.jpg,1,0
flor4_100.jpg,4,0
flor2_127.jpg,2,0
flor4_244.jpg,4,0
flor4_40.jpg,4,0
flor4_436.jpg,4,0
flor5_192.jpg,5,0
flor4_208.jpg,4,0
flor4_111.jpg,4,0
flor5_351.jpg,5,0
flor2_16.jpg,2,0
flor4_152.jpg,4,0
flor5_354.jpg,5,0
flor4_190.jpg,4,0
flor2_49.jpg,2,0
flor5_408.jpg,5,0
flor4_421.jpg,4,0
flor5_198.jpg,5,0
flor5_221.jpg,5,0
flor4_387.jpg,4,0
flor5_450.jpg,5,0
flor1_7.jpg,1,0
flor4_355.jpg,4,0
flor4_318.jpg,4,0
flor5_157.jpg,5,0
flor4_8.jpg,4,0
flor3_70.jpg,3,0
flor4_538.jpg,4,0
flor5_145.jpg,5,0
flor5_401.jpg,5,0
flor2_130.jpg,2,0
flor5_170.jpg,5,0
flor4_23.jpg,4,0
flor5_85.jpg,5,0
flor5_349.jpg,5,0
flor2_14.jpg,2,0
flor4_176.jpg,4,0
flor5_337.jpg,5,0
flor4_477.jpg,4,0
flor5_56.jpg,5,0
flor5_390.jpg,5,0
flor4_91.jpg,4,0
flor4_182.jpg,4,0
flor5_29.jpg,5,0
flor2_98.jpg,2,0
flor4_510.jpg,4,0
flor2_100.jpg,2,0
flor5_279.jpg,5,0
flor2_84.jpg,2,0
flor1_79.jpg,1,0
flor2_20.jpg,2,0
flor5_430.jpg,5,0
flor4_322.jpg,4,0
flor5_451.jpg,5,0
flor4_541.jpg,4,0
flor4_394.jpg,4,0
flor2_5.jpg,2,0
flor5_94.jpg,5,0
flor4_59.jpg,4,0
flor4_495.jpg,4,0
flor4_158.jpg,4,0
flor5_176.jpg,5,0
flor4_155.jpg,4,0
flor4_530.jpg,4,0
flor3_88.jpg,3,0
flor4_37.jpg,4,0
flor1_0.jpg,1,0
flor4_11.jpg,4,0
flor5_383.jpg,5,0
flor4_126.jpg,4,0
flor5_264.jpg,5,0
flor5_87.jpg,5,0
flor5_81.jpg,5,0
flor5_98.jpg,5,0
flor4_432.jpg,4,0
flor2_44.jpg,2,0
flor4_101.jpg,4,0
flor1_125.jpg,1,0
flor5_344.jpg,5,0
flor4_181.jpg,4,0
flor4_364.jpg,4,0
flor1_90.jpg,1,0
flor5_412.jpg,5,0
flor2_53.jpg,2,0
flor5_155.jpg,5,0
flor4_65.jpg,4,0
flor2_123.jpg,2,0
flor1_69.jpg,1,0
flor2_3.jpg,2,0
flor3_41.jpg,3,0
flor5_413.jpg,5,0
flor3_67.jpg,3,0
flor5_426.jpg,5,0
flor5_104.jpg,5,0
flor4_150.jpg,4,0
flor5_74.jpg,5,0
flor4_15.jpg,4,0
flor4_146.jpg,4,0
flor5_364.jpg,5,0
flor3_79.jpg,3,0
flor4_72.jpg,4,0
flor2_36.jpg,2,0
flor1_28.jpg,1,0
flor4_167.jpg,4,0
flor2_65.jpg,2,0
flor4_490.jpg,4,0
flor5_90.jpg,5,0
flor2_41.jpg,2,0
flor5_1.jpg,5,0
flor4_303.jpg,4,0
flor2_45.jpg,2,0
flor4_169.jpg,4,0
flor5_205.jpg,5,0
flor5_75.jpg,5,0
flor4_142.jpg,4,0
flor1_73.jpg,1,0
flor5_453.jpg,5,0
flor4_238.jpg,4,0
flor5_84.jpg,5,0
flor4_308.jpg,4,0
flor2_106.jpg,2,0
flor4_383.jpg,4,0
flor2_86.jpg,2,0
flor2_34.jpg,2,0
flor2_4.jpg,2,0
flor5_86.jpg,5,0
flor5_32.jpg,5,0
flor5_314.jpg,5,0
flor2_57.jpg,2,0
flor1_41.jpg,1,0
flor4_343.jpg,4,0
flor1_108.jpg,1,0
flor1_38.jpg,1,0
flor4_219.jpg,4,0
flor5_363.jpg,5,0
flor5_251.jpg,5,0
flor5_404.jpg,5,0
flor4_134.jpg,4,0
flor4_119.jpg,4,0
flor1_24.jpg,1,0
flor4_479.jpg,4,0
flor5_142.jpg,5,0
flor5_57.jpg,5,0
flor5_249.jpg,5,0
flor4_17.jpg,4,0
flor4_156.jpg,4,0
flor5_295.jpg,5,0
flor4_34.jpg,4,0
flor4_385.jpg,4,0
flor4_368.jpg,4,0
flor5_308.jpg,5,0
flor4_105.jpg,4,0
flor3_5.jpg,3,0
flor5_420.jpg,5,0
flor2_104.jpg,2,0
flor4_95.jpg,4,0
flor4_46.jpg,4,0
flor5_45.jpg,5,0
flor2_48.jpg,2,0
flor1_18.jpg,1,0
flor5_315.jpg,5,0
flor4_539.jpg,4,0
flor3_82.jpg,3,0
flor4_513.jpg,4,0
flor4_246.jpg,4,0
flor1_61.jpg,1,0
flor3_13.jpg,3,0
flor5_200.jpg,5,0
flor5_418.jpg,5,0
flor3_19.jpg,3,0
flor5_156.jpg,5,0
flor4_345.jpg,4,0
flor4_19.jpg,4,0
flor5_350.jpg,5,0
flor1_36.jpg,1,0
flor4_386.jpg,4,0
flor5_306.jpg,5,0
flor4_313.jpg,4,0
flor5_31.jpg,5,0
flor5_82.jpg,5,0
flor4_198.jpg,4,0
flor5_185.jpg,5,0
flor4_339.jpg,4,0
flor4_389.jpg,4,0
flor2_63.jpg,2,0
flor4_107.jpg,4,0
flor4_44.jpg,4,0
flor4_326.jpg,4,0
flor4_411.jpg,4,0
flor5_435.jpg,5,0
flor4_379.jpg,4,0
flor4_70.jpg,4,0
flor4_26.jpg,4,0
flor4_63.jpg,4,0
flor1_74.jpg,1,0
flor5_371.jpg,5,0
flor5_317.jpg,5,0
flor4_151.jpg,4,0
flor4_476.jpg,4,0
flor5_239.jpg,5,0
flor4_267.jpg,4,0
flor1_114.jpg,1,0
flor4_68.jpg,4,0
flor4_252.jpg,4,0
flor4_255.jpg,4,0
flor5_399.jpg,5,0
flor1_89.jpg,1,0
flor4_499.jpg,4,0
flor5_143.jpg,5,0
flor5_398.jpg,5,0
flor4_404.jpg,4,0
flor4_149.jpg,4,0
flor5_175.jpg,5,0
flor5_181.jpg,5,0
flor5_347.jpg,5,0
flor1_11.jpg,1,0
flor4_47.jpg,4,0
flor5_293.jpg,5,0
flor4_206.jpg,4,0
flor1_42.jpg,1,0
flor4_492.jpg,4,0
flor2_39.jpg,2,0
flor4_67.jpg,4,0
flor4_227.jpg,4,0
flor4_485.jpg,4,0
flor3_8.jpg,3,0
flor5_131.jpg,5,0
flor4_77.jpg,4,0
flor4_341.jpg,4,0
flor4_195.jpg,4,0
flor5_372.jpg,5,0
flor4_325.jpg,4,0
flor4_340.jpg,4,0
flor5_298.jpg,5,0
flor4_502.jpg,4,0
flor5_428.jpg,5,0
flor2_31.jpg,2,0
flor5_3.jpg,5,0
flor5_182.jpg,5,0
flor2_129.jpg,2,0
flor5_160.jpg,5,0
flor3_76.jpg,3,0
flor5_376.jpg,5,0
flor1_15.jpg,1,0
flor4_166.jpg,4,0
flor3_65.jpg,3,0
flor4_419.jpg,4,0
flor4_258.jpg,4,0
flor5_296.jpg,5,0
flor5_105.jpg,5,0
flor5_39.jpg,5,0
flor5_13.jpg,5,0
flor2_94.jpg,2,0
flor2_51.jpg,2,0
flor5_424.jpg,5,0
flor1_99.jpg,1,0
flor4_487.jpg,4,0
flor4_408.jpg,4,0
flor4_172.jpg,4,0
flor4_412.jpg,4,0
flor1_22.jpg,1,0
flor4_7.jpg,4,0
flor4_384.jpg,4,0
flor5_228.jpg,5,0
flor5_358.jpg,5,0
flor4_262.jpg,4,0
flor5_256.jpg,5,0
flor3_81.jpg,3,0
flor4_82.jpg,4,0
flor5_95.jpg,5,0
flor2_89.jpg,2,0
flor5_19.jpg,5,0
flor2_75.jpg,2,0
flor5_196.jpg,5,0
flor5_207.jpg,5,0
flor1_93.jpg,1,0
flor5_116.jpg,5,0
flor1_68.jpg,1,0
flor5_287.jpg,5,0
flor3_25.jpg,3,0
flor4_347.jpg,4,0
flor1_85.jpg,1,0
flor4_85.jpg,4,0
flor5_126.jpg,5,0
flor2_25.jpg,2,0
flor1_75.jpg,1,0
flor5_281.jpg,5,0
flor5_455.jpg,5,0
flor4_440.jpg,4,0
flor4_231.jpg,4,0
flor4_97.jpg,4,0
flor4_354.jpg,4,0
flor2_60.jpg,2,0
flor3_12.jpg,3,0
flor5_243.jpg,5,0
flor4_535.jpg,4,0
flor2_108.jpg,2,0
flor4_138.jpg,4,0
flor5_409.jpg,5,0
flor4_210.jpg,4,0
flor1_117.jpg,1,0
flor4_288.jpg,4,0
flor5_437.jpg,5,0
flor4_452.jpg,4,0
flor4_401.jpg,4,0
flor4_163.jpg,4,0
flor4_284.jpg,4,0
flor5_119.jpg,5,0
flor5_253.jpg,5,0
flor5_15.jpg,5,0
flor5_331.jpg,5,0
flor1_126.jpg,1,0
flor4_441.jpg,4,0
flor4_480.jpg,4,0
flor1_116.jpg,1,0
flor4_124.jpg,4,0
flor4_391.jpg,4,0
flor5_248.jpg,5,0
flor5_58.jpg,5,0
flor1_57.jpg,1,0
flor4_254.jpg,4,0
flor4_437.jpg,4,0
flor4_481.jpg,4,0
flor1_119.jpg,1,0
flor4_307.jpg,4,0
flor5_193.jpg,5,0
flor4_320.jpg,4,0
flor1_105.jpg,1,0
flor4_286.jpg,4,0
flor4_20.jpg,4,0
flor3_9.jpg,3,0
flor4_306.jpg,4,0
flor4_470.jpg,4,0
flor5_43.jpg,5,0
flor4_473.jpg,4,0
flor4_517.jpg,4,0
flor1_46.jpg,1,0
flor4_0.jpg,4,0
flor5_273.jpg,5,0
flor5_99.jpg,5,0
flor4_527.jpg,4,0
flor4_424.jpg,4,0
flor2_67.jpg,2,0
flor1_102.jpg,1,0
flor1_4.jpg,1,0
flor4_270.jpg,4,0
flor5_111.jpg,5,0
flor4_222.jpg,4,0
flor1_52.jpg,1,0
flor3_4.jpg,3,0
flor5_187.jpg,5,0
flor5_339.jpg,5,0
flor4_94.jpg,4,0
flor5_110.jpg,5,0
flor4_488.jpg,4,0
flor5_312.jpg,5,0
flor3_45.jpg,3,0
flor5_169.jpg,5,0
flor3_54.jpg,3,0
flor2_21.jpg,2,0
flor4_225.jpg,4,0
flor1_50.jpg,1,0
flor5_166.jpg,5,0
flor4_377.jpg,4,0
flor4_484.jpg,4,0
flor4_121.jpg,4,0
flor5_79.jpg,5,0
flor4_304.jpg,4,0
flor4_50.jpg,4,0
flor4_162.jpg,4,0
flor3_61.jpg,3,0
flor1_19.jpg,1,0
flor4_335.jpg,4,0
flor1_35.jpg,1,0
flor5_10.jpg,5,0
flor4_478.jpg,4,0
flor5_316.jpg,5,0
flor4_58.jpg,4,0
flor5_28.jpg,5,0
flor4_188.jpg,4,0
flor4_409.jpg,4,0
flor2_117.jpg,2,0
flor4_435.jpg,4,0
flor4_140.jpg,4,0
flor2_26.jpg,2,0
flor5_69.jpg,5,0
flor4_504.jpg,4,0
flor4_276.jpg,4,0
flor4_336.jpg,4,0
flor4_220.jpg,4,0
flor5_393.jpg,5,0
flor1_17.jpg,1,0
flor1_127.jpg,1,0
flor5_35.jpg,5,0
flor5_88.jpg,5,0
flor5_431.jpg,5,0
flor2_62.jpg,2,0
flor5_100.jpg,5,0
flor5_425.jpg,5,0
flor4_257.jpg,4,0
flor2_52.jpg,2,0
flor3_42.jpg,3,0
flor4_147.jpg,4,0
flor5_274.jpg,5,0
flor5_240.jpg,5,0
flor5_226.jpg,5,0
flor4_168.jpg,4,0
flor5_177.jpg,5,0
flor4_127.jpg,4,0
flor2_29.jpg,2,0
flor1_16.jpg,1,0
flor5_180.jpg,5,0
flor4_197.jpg,4,0
flor4_309.jpg,4,0
flor5_216.jpg,5,0
flor5_127.jpg,5,0
flor5_241.jpg,5,0
flor5_67.jpg,5,0
flor5_378.jpg,5,0
flor3_24.jpg,3,0
flor4_448.jpg,4,0
flor2_97.jpg,2,0
flor1_26.jpg,1,0
flor4_88.jpg,4,0
flor5_419.jpg,5,0
flor2_101.jpg,2,0
flor1_37.jpg,1,0
flor4_400.jpg,4,0
flor5_153.jpg,5,0
flor4_120.jpg,4,0
flor5_416.jpg,5,0
flor5_433.jpg,5,0
flor4_338.jpg,4,0
flor5_348.jpg,5,0
flor4_290.jpg,4,0
flor5_277.jpg,5,0
flor5_236.jpg,5,0
flor5_334.jpg,5,0
flor4_451.jpg,4,0
flor2_32.jpg,2,0
flor5_64.jpg,5,0
flor4_472.jpg,4,0
flor5_267.jpg,5,0
flor4_528.jpg,4,0
flor5_21.jpg,5,0
flor2_24.jpg,2,0
flor5_343.jpg,5,0
flor4_160.jpg,4,0
flor5_242.jpg,5,0
flor1_103.jpg,1,0
flor4_237.jpg,4,0
flor5_304.jpg,5,0
flor1_53.jpg,1,0
flor2_23.jpg,2,0
flor4_54.jpg,4,0
flor2_79.jpg,2,0
flor5_384.jpg,5,0
flor5_230.jpg,5,0
flor1_8.jpg,1,0
flor5_122.jpg,5,0
flor5_168.jpg,5,0
flor4_103.jpg,4,0
flor2_125.jpg,2,0
flor5_4.jpg,5,0
flor5_289.jpg,5,0
flor4_531.jpg,4,0
flor5_382.jpg,5,0
flor4_274.jpg,4,0
flor3_86.jpg,3,0
flor5_269.jpg,5,0
flor3_3.jpg,3,0
flor2_22.jpg,2,0
flor4_123.jpg,4,0
flor4_291.jpg,4,0
flor5_444.jpg,5,0
flor5_379.jpg,5,0
flor4_201.jpg,4,0
flor5_36.jpg,5,0
flor4_139.jpg,4,0
flor5_327.jpg,5,0
flor2_18.jpg,2,0
flor4_53.jpg,4,0
flor5_62.jpg,5,0
flor5_374.jpg,5,0
flor4_310.jpg,4,0
flor4_114.jpg,4,0
flor2_58.jpg,2,0
flor5_255.jpg,5,0
flor4_259.jpg,4,0
flor2_15.jpg,2,0
flor4_402.jpg,4,0
flor5_89.jpg,5,0
flor2_69.jpg,2,0
flor4_534.jpg,4,0
flor3_20.jpg,3,0
flor3_34.jpg,3,0
flor5_335.jpg,5,0
flor4_51.jpg,4,0
flor1_122.jpg,1,0
flor2_74.jpg,2,0
flor4_486.jpg,4,0
flor2_118.jpg,2,0
flor5_389.jpg,5,0
flor5_377.jpg,5,0
flor5_261.jpg,5,0
flor4_35.jpg,4,0
flor4_505.jpg,4,0
flor2_91.jpg,2,0
flor4_292.jpg,4,0
flor1_1.jpg,1,0
flor1_112.jpg,1,0
flor4_349.jpg,4,0
flor5_396.jpg,5,0
flor5_59.jpg,5,0
flor5_297.jpg,5,0
flor5_325.jpg,5,0
flor4_92.jpg,4,0
flor5_244.jpg,5,0
flor4_314.jpg,4,0
flor5_342.jpg,5,0
flor3_58.jpg,3,0
flor4_299.jpg,4,0
flor4_360.jpg,4,0
flor5_80.jpg,5,0
flor4_278.jpg,4,0
flor4_283.jpg,4,0
flor5_423.jpg,5,0
flor5_353.jpg,5,0
flor4_446.jpg,4,0
flor4_296.jpg,4,0
flor5_120.jpg,5,0
flor4_207.jpg,4,0
flor4_332.jpg,4,0
flor4_228.jpg,4,0
flor5_217.jpg,5,0
flor5_291.jpg,5,0
flor4_175.jpg,4,0
flor5_167.jpg,5,0
flor4_191.jpg,4,0
flor5_302.jpg,5,0
flor4_399.jpg,4,0
flor5_356.jpg,5,0
flor4_135.jpg,4,0
flor1_95.jpg,1,0
flor5_128.jpg,5,0
flor4_214.jpg,4,0
flor4_393.jpg,4,0
flor4_514.jpg,4,0
flor4_542.jpg,4,0
flor5_146.jpg,5,0
flor2_78.jpg,2,0
flor4_43.jpg,4,0
flor4_445.jpg,4,0
flor4_521.jpg,4,0
flor4_48.jpg,4,0
flor4_417.jpg,4,0
flor5_448.jpg,5,0
flor5_136.jpg,5,0
flor4_293.jpg,4,0
flor4_263.jpg,4,0
flor5_68.jpg,5,0
flor4_376.jpg,4,0
flor4_334.jpg,4,0
flor1_98.jpg,1,0
flor4_455.jpg,4,0
flor4_57.jpg,4,0
flor4_153.jpg,4,0
flor5_179.jpg,5,0
flor5_164.jpg,5,0
flor5_37.jpg,5,0
flor4_430.jpg,4,0
flor2_72.jpg,2,0
flor2_6.jpg,2,0
flor5_159.jpg,5,0
flor1_40.jpg,1,0
flor5_125.jpg,5,0
flor2_102.jpg,2,0
flor4_29.jpg,4,0
flor3_29.jpg,3,0
flor4_69.jpg,4,0
flor4_42.jpg,4,0
flor4_243.jpg,4,0
flor5_270.jpg,5,0
flor5_194.jpg,5,0
flor4_298.jpg,4,0
flor5_260.jpg,5,0
flor4_171.jpg,4,0
flor1_64.jpg,1,0
flor1_14.jpg,1,0
flor5_288.jpg,5,0
flor5_172.jpg,5,0
flor4_143.jpg,4,0
flor4_30.jpg,4,0
flor2_59.jpg,2,0
flor4_414.jpg,4,0
flor2_88.jpg,2,0
flor4_442.jpg,4,0
flor5_184.jpg,5,0
flor4_529.jpg,4,0
flor3_78.jpg,3,0
flor4_370.jpg,4,0
flor3_36.jpg,3,0
flor5_124.jpg,5,0
flor4_106.jpg,4,0
flor4_466.jpg,4,0
flor3_10.jpg,3,0
flor5_103.jpg,5,0
flor2_73.jpg,2,0
flor2_33.jpg,2,0
flor4_380.jpg,4,0
flor4_52.jpg,4,0
flor4_353.jpg,4,0
flor5_237.jpg,5,0
flor4_216.jpg,4,0
flor5_129.jpg,5,0
flor5_133.jpg,5,0
flor5_212.jpg,5,0
flor2_77.jpg,2,0
flor1_34.jpg,1,0
flor4_426.jpg,4,0
flor4_159.jpg,4,0
flor5_436.jpg,5,0
flor1_91.jpg,1,0
flor5_5.jpg,5,0
flor4_215.jpg,4,0
flor4_427.jpg,4,0
flor2_113.jpg,2,0
flor1_13.jpg,1,0
flor3_56.jpg,3,0
flor4_251.jpg,4,0
flor4_38.jpg,4,0
flor5_405.jpg,5,0
flor2_38.jpg,2,0
flor4_491.jpg,4,0
flor1_20.jpg,1,0
flor4_297.jpg,4,0
flor5_262.jpg,5,0
flor4_482.jpg,4,0
flor5_375.jpg,5,0
flor4_213.jpg,4,0
flor5_422.jpg,5,0
flor4_337.jpg,4,0
flor5_65.jpg,5,0
flor2_61.jpg,2,0
flor5_83.jpg,5,0
flor4_350.jpg,4,0
flor4_161.jpg,4,0
flor5_190.jpg,5,0
flor4_125.jpg,4,0
flor4_507.jpg,4,0
flor4_398.jpg,4,0
flor2_124.jpg,2,0
flor1_21.jpg,1,0
flor4_110.jpg,4,0
flor5_292.jpg,5,0
flor3_17.jpg,3,0
flor5_63.jpg,5,0
flor5_323.jpg,5,0
flor4_36.jpg,4,0
flor4_456.jpg,4,0
flor3_84.jpg,3,0
flor4_420.jpg,4,0
flor5_440.jpg,5,0
flor2_2.jpg,2,0
flor4_522.jpg,4,0
flor5_231.jpg,5,0
flor1_87.jpg,1,0
flor3_71.jpg,3,0
flor5_346.jpg,5,0
flor4_117.jpg,4,0
flor1_121.jpg,1,0
flor5_152.jpg,5,0
flor5_203.jpg,5,0
flor5_238.jpg,5,0
flor5_402.jpg,5,0
flor4_511.jpg,4,0
flor5_234.jpg,5,0
flor1_65.jpg,1,1
flor2_71.jpg,2,1
flor5_229.jpg,5,1
flor4_28.jpg,4,1
flor4_148.jpg,4,1
flor4_185.jpg,4,1
flor4_86.jpg,4,1
flor5_206.jpg,5,1
flor4_518.jpg,4,1
flor4_358.jpg,4,1
flor5_258.jpg,5,1
flor4_272.jpg,4,1
flor5_365.jpg,5,1
flor3_64.jpg,3,1
flor5_338.jpg,5,1
flor5_55.jpg,5,1
flor4_27.jpg,4,1
flor4_64.jpg,4,1
flor2_43.jpg,2,1
flor5_135.jpg,5,1
flor4_112.jpg,4,1
flor5_250.jpg,5,1
flor4_221.jpg,4,1
flor4_130.jpg,4,1
flor3_66.jpg,3,1
flor4_460.jpg,4,1
flor3_74.jpg,3,1
flor1_58.jpg,1,1
flor5_443.jpg,5,1
flor5_439.jpg,5,1
flor2_70.jpg,2,1
flor5_53.jpg,5,1
flor4_90.jpg,4,1
flor4_137.jpg,4,1
flor4_177.jpg,4,1
flor4_248.jpg,4,1
flor5_257.jpg,5,1
flor2_109.jpg,2,1
flor4_179.jpg,4,1
flor5_174.jpg,5,1
flor5_208.jpg,5,1
flor4_164.jpg,4,1
flor3_85.jpg,3,1
flor4_285.jpg,4,1
flor5_38.jpg,5,1
flor5_34.jpg,5,1
flor4_6.jpg,4,1
flor1_5.jpg,1,1
flor4_122.jpg,4,1
flor5_254.jpg,5,1
flor1_10.jpg,1,1
flor1_12.jpg,1,1
flor3_7.jpg,3,1
flor4_2.jpg,4,1
flor5_265.jpg,5,1
flor5_388.jpg,5,1
flor4_493.jpg,4,1
flor4_390.jpg,4,1
flor4_422.jpg,4,1
flor5_227.jpg,5,1
flor5_163.jpg,5,1
flor3_69.jpg,3,1
flor5_320.jpg,5,1
flor3_60.jpg,3,1
flor5_214.jpg,5,1
flor5_41.jpg,5,1
flor5_275.jpg,5,1
flor4_429.jpg,4,1
flor4_22.jpg,4,1
flor5_96.jpg,5,1
flor1_48.jpg,1,1
flor3_50.jpg,3,1
flor4_516.jpg,4,1
flor4_515.jpg,4,1
flor4_84.jpg,4,1
flor5_108.jpg,5,1
flor5_429.jpg,5,1
flor1_23.jpg,1,1
flor3_14.jpg,3,1
flor2_81.jpg,2,1
flor1_111.jpg,1,1
flor4_454.jpg,4,1
flor4_211.jpg,4,1
flor5_438.jpg,5,1
flor5_76.jpg,5,1
flor4_363.jpg,4,1
flor1_83.jpg,1,1
flor5_9.jpg,5,1
flor2_99.jpg,2,1
flor2_64.jpg,2,1
flor3_27.jpg,3,1
flor4_83.jpg,4,1
flor4_357.jpg,4,1
flor4_537.jpg,4,1
flor5_12.jpg,5,1
flor5_14.jpg,5,1
flor5_23.jpg,5,1
flor1_67.jpg,1,1
flor5_114.jpg,5,1
flor1_56.jpg,1,1
flor5_235.jpg,5,1
flor4_287.jpg,4,1
flor3_89.jpg,3,1
flor5_72.jpg,5,1
flor4_367.jpg,4,1
flor4_536.jpg,4,1
flor4_132.jpg,4,1
flor4_323.jpg,4,1
flor2_50.jpg,2,1
flor5_66.jpg,5,1
flor1_123.jpg,1,1
flor4_302.jpg,4,1
flor1_51.jpg,1,1
flor4_512.jpg,4,1
flor5_290.jpg,5,1
flor4_315.jpg,4,1
flor2_42.jpg,2,1
flor4_12.jpg,4,1
flor3_38.jpg,3,1
flor4_266.jpg,4,1
flor5_183.jpg,5,1
flor5_427.jpg,5,1
flor5_33.jpg,5,1
flor4_330.jpg,4,1
flor4_348.jpg,4,1
flor5_233.jpg,5,1
flor5_357.jpg,5,1
flor2_114.jpg,2,1
flor4_317.jpg,4,1
flor4_66.jpg,4,1
flor4_49.jpg,4,1
flor5_332.jpg,5,1
flor4_78.jpg,4,1
flor4_203.jpg,4,1
flor5_109.jpg,5,1
flor4_373.jpg,4,1
flor1_96.jpg,1,1
flor5_171.jpg,5,1
flor5_201.jpg,5,1
flor3_57.jpg,3,1
flor4_233.jpg,4,1
flor4_249.jpg,4,1
flor5_223.jpg,5,1
flor4_31.jpg,4,1
flor5_50.jpg,5,1
flor5_397.jpg,5,1
flor4_242.jpg,4,1
flor2_8.jpg,2,1
flor3_47.jpg,3,1
flor5_149.jpg,5,1
flor4_319.jpg,4,1
flor4_329.jpg,4,1
flor4_489.jpg,4,1
flor4_187.jpg,4,1
flor3_72.jpg,3,1
flor4_81.jpg,4,1
flor2_80.jpg,2,1
flor3_32.jpg,3,1
flor5_329.jpg,5,1
flor2_47.jpg,2,1
flor5_165.jpg,5,1
flor1_59.jpg,1,1
flor5_209.jpg,5,1
flor4_277.jpg,4,1
flor4_3.jpg,4,1
flor5_345.jpg,5,1
flor5_78.jpg,5,1
flor5_272.jpg,5,1
flor4_204.jpg,4,1
flor4_165.jpg,4,1
flor4_471.jpg,4,1
flor2_112.jpg,2,1
flor3_53.jpg,3,1
flor2_19.jpg,2,1
flor5_394.jpg,5,1
flor4_321.jpg,4,1
flor5_361.jpg,5,1
flor5_400.jpg,5,1
flor5_24.jpg,5,1
flor1_124.jpg,1,1
flor4_33.jpg,4,1
flor4_273.jpg,4,1
flor5_417.jpg,5,1
flor5_161.jpg,5,1
flor2_68.jpg,2,1
flor5_410.jpg,5,1
flor5_150.jpg,5,1
flor5_211.jpg,5,1
flor2_7.jpg,2,1
flor5_118.jpg,5,1
flor4_474.jpg,4,1
flor5_47.jpg,5,1
flor5_299.jpg,5,1
flor5_144.jpg,5,1
flor4_104.jpg,4,1
flor5_276.jpg,5,1
flor5_359.jpg,5,1
flor4_32.jpg,4,1
flor4_109.jpg,4,1
flor5_93.jpg,5,1
flor2_105.jpg,2,1
flor2_96.jpg,2,1
flor4_280.jpg,4,1
flor2_11.jpg,2,1
flor4_128.jpg,4,1
flor5_380.jpg,5,1
flor5_195.jpg,5,1
flor4_157.jpg,4,1
flor5_130.jpg,5,1
flor4_193.jpg,4,1
flor2_92.jpg,2,1
flor4_434.jpg,4,1
flor5_282.jpg,5,1
flor4_500.jpg,4,1
flor4_202.jpg,4,1
flor4_250.jpg,4,1
flor4_453.jpg,4,1
flor4_494.jpg,4,1
flor4_199.jpg,4,1
flor4_496.jpg,4,1
flor4_463.jpg,4,1
flor1_6.jpg,1,1
flor4_80.jpg,4,1
flor5_7.jpg,5,1
flor5_44.jpg,5,1
flor4_526.jpg,4,1
flor5_278.jpg,5,1
flor5_446.jpg,5,1
flor4_269.jpg,4,1
flor4_98.jpg,4,1
flor2_35.jpg,2,1
flor4_74.jpg,4,1
flor5_352.jpg,5,1
flor5_411.jpg,5,1
flor4_183.jpg,4,1
flor5_26.jpg,5,1
flor1_39.jpg,1,1
flor4_503.jpg,4,1
flor5_447.jpg,5,1
flor5_222.jpg,5,1
flor4_235.jpg,4,1
flor4_381.jpg,4,1
flor4_395.jpg,4,1
flor1_107.jpg,1,1
flor1_49.jpg,1,1
flor5_283.jpg,5,1
flor4_449.jpg,4,1
flor5_112.jpg,5,1
flor4_425.jpg,4,1
flor5_138.jpg,5,1
flor4_461.jpg,4,1
flor4_327.jpg,4,1
flor4_93.jpg,4,1
flor3_49.jpg,3,1
flor4_61.jpg,4,1
flor4_352.jpg,4,1
flor4_89.jpg,4,1
flor5_385.jpg,5,1
flor5_147.jpg,5,1
flor5_18.jpg,5,1
flor4_173.jpg,4,1
flor5_20.jpg,5,1
flor4_388.jpg,4,1
flor5_191.jpg,5,1
flor1_78.jpg,1,1
flor5_48.jpg,5,1
flor5_432.jpg,5,1
flor4_406.jpg,4,1
flor4_60.jpg,4,1
flor4_428.jpg,4,1
flor4_223.jpg,4,2
flor4_533.jpg,4,2
flor5_61.jpg,5,2
flor4_450.jpg,4,2
flor3_51.jpg,3,2
flor4_498.jpg,4,2
flor3_23.jpg,3,2
flor2_10.jpg,2,2
flor4_5.jpg,4,2
flor4_532.jpg,4,2
flor3_44.jpg,3,2
flor5_25.jpg,5,2
flor3_1.jpg,3,2
flor4_279.jpg,4,2
flor5_148.jpg,5,2
flor5_271.jpg,5,2
flor4_312.jpg,4,2
flor4_261.jpg,4,2
flor5_322.jpg,5,2
flor1_101.jpg,1,2
flor4_113.jpg,4,2
flor5_395.jpg,5,2
flor3_39.jpg,3,2
flor5_247.jpg,5,2
flor4_410.jpg,4,2
flor4_186.jpg,4,2
flor5_73.jpg,5,2
flor5_259.jpg,5,2
flor4_56.jpg,4,2
flor4_407.jpg,4,2
flor5_434.jpg,5,2
flor5_218.jpg,5,2
flor5_441.jpg,5,2
flor1_30.jpg,1,2
flor5_286.jpg,5,2
flor5_92.jpg,5,2
flor5_219.jpg,5,2
flor4_232.jpg,4,2
flor2_46.jpg,2,2
flor1_54.jpg,1,2
flor4_62.jpg,4,2
flor5_307.jpg,5,2
flor5_294.jpg,5,2
flor3_62.jpg,3,2
flor4_226.jpg,4,2
flor5_17.jpg,5,2
flor5_197.jpg,5,2
flor4_475.jpg,4,2
flor1_2.jpg,1,2
flor5_140.jpg,5,2
flor2_27.jpg,2,2
flor4_316.jpg,4,2
flor1_100.jpg,1,2
flor1_76.jpg,1,2
flor5_368.jpg,5,2
flor5_113.jpg,5,2
flor5_158.jpg,5,2
flor4_403.jpg,4,2
flor3_26.jpg,3,2
flor3_2.jpg,3,2
flor3_11.jpg,3,2
flor2_30.jpg,2,2
flor2_90.jpg,2,2
flor3_52.jpg,3,2
flor5_213.jpg,5,2
flor4_268.jpg,4,2
flor5_60.jpg,5,2
flor4_371.jpg,4,2
flor1_109.jpg,1,2
flor4_497.jpg,4,2
flor5_178.jpg,5,2
flor4_438.jpg,4,2
flor4_230.jpg,4,2
flor5_189.jpg,5,2
flor5_326.jpg,5,2
flor4_281.jpg,4,2
flor4_25.jpg,4,2
flor1_113.jpg,1,2
flor1_31.jpg,1,2
flor2_126.jpg,2,2
flor5_310.jpg,5,2
flor4_45.jpg,4,2
flor4_178.jpg,4,2
flor1_86.jpg,1,2
flor3_30.jpg,3,2
flor5_415.jpg,5,2
flor5_188.jpg,5,2
flor4_18.jpg,4,2
flor4_136.jpg,4,2
flor5_362.jpg,5,2
flor5_173.jpg,5,2
flor5_52.jpg,5,2
flor4_224.jpg,4,2
flor4_525.jpg,4,2
flor3_68.jpg,3,2
flor4_240.jpg,4,2
flor5_151.jpg,5,2
flor4_236.jpg,4,2
flor5_91.jpg,5,2
flor5_268.jpg,5,2
flor1_43.jpg,1,2
flor4_365.jpg,4,2
flor5_42.jpg,5,2
flor4_75.jpg,4,2
flor4_458.jpg,4,2
flor5_30.jpg,5,2
flor5_341.jpg,5,2
flor4_189.jpg,4,2
flor5_51.jpg,5,2
flor3_80.jpg,3,2
flor2_87.jpg,2,2
flor5_366.jpg,5,2
flor4_253.jpg,4,2
flor3_28.jpg,3,2
flor5_370.jpg,5,2
flor4_141.jpg,4,2
flor4_294.jpg,4,2
flor3_59.jpg,3,2
flor5_27.jpg,5,2
flor4_443.jpg,4,2
flor4_194.jpg,4,2
flor3_55.jpg,3,2
flor5_333.jpg,5,2
flor1_63.jpg,1,2
flor4_76.jpg,4,2
flor5_309.jpg,5,2
flor5_225.jpg,5,2
flor3_35.jpg,3,2
flor5_386.jpg,5,2
flor5_442.jpg,5,2
flor5_340.jpg,5,2
flor5_381.jpg,5,2
flor1_29.jpg,1,2
flor5_373.jpg,5,2
flor2_82.jpg,2,2
flor5_71.jpg,5,2
flor4_305.jpg,4,2
flor1_3.jpg,1,2
flor4_14.jpg,4,2
flor4_145.jpg,4,2
flor4_209.jpg,4,2
flor5_154.jpg,5,2
flor5_121.jpg,5,2
flor3_16.jpg,3,2
flor1_70.jpg,1,2
flor5_336.jpg,5,2
flor3_40.jpg,3,2
flor4_13.jpg,4,2
flor4_382.jpg,4,2
flor4_275.jpg,4,2
flor5_454.jpg,5,2
flor3_6.jpg,3,2
flor4_374.jpg,4,2
flor4_351.jpg,4,2
flor3_15.jpg,3,2
flor4_180.jpg,4,2
flor4_469.jpg,4,2
flor4_301.jpg,4,2
flor5_311.jpg,5,2
flor1_88.jpg,1,2
flor4_9.jpg,4,2
flor4_439.jpg,4,2
flor4_73.jpg,4,2
flor5_300.jpg,5,2
flor3_31.jpg,3,2
flor4_372.jpg,4,2
flor2_28.jpg,2,2
flor5_137.jpg,5,2
flor1_115.jpg,1,2
flor4_396.jpg,4,2
flor4_366.jpg,4,2
flor4_416.jpg,4,2
flor5_139.jpg,5,2
flor4_217.jpg,4,2
flor5_360.jpg,5,2
flor5_224.jpg,5,2
flor4_264.jpg,4,2
flor4_16.jpg,4,2
flor5_162.jpg,5,2
flor5_387.jpg,5,2
flor2_12.jpg,2,2
flor5_301.jpg,5,2
flor4_433.jpg,4,2
flor2_116.jpg,2,2
flor1_32.jpg,1,2
flor4_118.jpg,4,2
flor5_456.jpg,5,2
flor3_0.jpg,3,2
flor5_11.jpg,5,2
flor5_6.jpg,5,2
flor3_87.jpg,3,2
flor5_421.jpg,5,2
flor2_111.jpg,2,2
flor4_540.jpg,4,2
flor5_392.jpg,5,2
flor4_218.jpg,4,2
flor5_407.jpg,5,2
flor5_252.jpg,5,2
flor4_520.jpg,4,2
flor4_468.jpg,4,2
flor5_280.jpg,5,2
flor4_41.jpg,4,2
flor4_405.jpg,4,2
flor3_63.jpg,3,2
flor4_300.jpg,4,2
flor2_56.jpg,2,2
flor2_40.jpg,2,2
flor2_103.jpg,2,2
flor1_66.jpg,1,2
flor4_229.jpg,4,2
flor4_4.jpg,4,2
flor4_418.jpg,4,2
flor4_457.jpg,4,2
flor4_234.jpg,4,2
flor4_245.jpg,4,2
flor5_199.jpg,5,2
flor4_1.jpg,4,2
flor4_79.jpg,4,2
flor4_247.jpg,4,2
flor3_33.jpg,3,2
flor4_133.jpg,4,2
flor5_445.jpg,5,2
flor2_1.jpg,2,2
flor5_321.jpg,5,2
flor1_81.jpg,1,2
flor4_431.jpg,4,2
flor5_132.jpg,5,2
flor5_101.jpg,5,2
flor4_375.jpg,4,2
flor4_282.jpg,4,2
flor2_0.jpg,2,2
flor4_462.jpg,4,2
flor5_391.jpg,5,2
flor3_73.jpg,3,2
flor5_245.jpg,5,2
flor4_115.jpg,4,2
flor2_119.jpg,2,2
flor4_467.jpg,4,2
flor4_129.jpg,4,2
flor4_71.jpg,4,2
flor4_154.jpg,4,2
flor2_115.jpg,2,2
flor4_102.jpg,4,2
flor5_134.jpg,5,2
flor4_239.jpg,4,2
flor5_202.jpg,5,2
flor4_378.jpg,4,2
flor3_18.jpg,3,2
flor5_0.jpg,5,2
flor5_263.jpg,5,2
flor5_2.jpg,5,2
flor1_44.jpg,1,2
flor3_83.jpg,3,2
flor4_21.jpg,4,2
flor2_83.jpg,2,2
flor5_16.jpg,5,2
flor5_8.jpg,5,2
flor4_311.jpg,4,2
flor5_319.jpg,5,2
flor4_200.jpg,4,2
flor4_144.jpg,4,2
flor5_449.jpg,5,2
flor5_318.jpg,5,2
flor2_13.jpg,2,2
flor4_524.jpg,4,2
flor3_37.jpg,3,2
flor2_93.jpg,2,2
flor5_266.jpg,5,2
flor4_509.jpg,4,2
flor5_414.jpg,5,2
